Espressione,Categoria,freq_assoluta,freq_per_milione,CQL
a babbo morto,AMWE,889,0.0612,"[lc=""a""] [lc=""babbo""] [lc=""morto""]"
a bizzeffe,AMWE,7408,0.5104,"[lc=""a""] [lc=""bizzeffe""]"
a bocca asciutta,AMWE,6742,0.4645,"[lc=""a""] [lc=""bocca""] [lc=""asciutta""]"
a bocce ferme,AMWE,2285,0.1574,"[lc=""a""] [lc=""bocce""] [lc=""ferme""]"
a botta calda,AMWE,454,0.0313,"[lc=""a""] [lc=""botta""] [lc=""calda""]"
a braccia aperte,AMWE,14436,0.9946,"[lc=""a""] [lc=""braccia""] [lc=""aperte""]"
a braccio,AMWE,13195,0.9091,"[lc=""a""] [lc=""braccio""]"
a briglia sciolta,AMWE,1839,0.1267,"[lc=""a""] [lc=""briglia""] [lc=""sciolta""]"
a buon mercato,AMWE,34603,2.384,"[lc=""a""] [lc=""buon""] [lc=""mercato""]"
a calci nel sedere,AMWE,1898,0.1308,"[lc=""a""] [lc=""calci""] [lc=""nel""] [lc=""sedere""]"
a caldo,AMWE,69477,4.7867,"[lc=""a""] [lc=""caldo""]"
a casa del diavolo,AMWE,278,0.0192,"[lc=""a""] [lc=""casa""] [lc=""del""] [lc=""diavolo""]"
a chiare lettere,AMWE,11988,0.8259,"[lc=""a""] [lc=""chiare""] [lc=""lettere""]"
a colpo d'occhio,AMWE,7606,0.524,"[lc=""a""] [lc=""colpo""] [lc=""d'""] [lc=""occhio""]"
a colpo sicuro,AMWE,7143,0.4921,"[lc=""a""] [lc=""colpo""] [lc=""sicuro""]"
a corpo morto,AMWE,794,0.0547,"[lc=""a""] [lc=""corpo""] [lc=""morto""]"
a cuor leggero,AMWE,6779,0.467,"[lc=""a""] [lc=""cuor""] [lc=""leggero""]"
a cuore aperto,AMWE,5971,0.4114,"[lc=""a""] [lc=""cuore""] [lc=""aperto""]"
a denti stretti,AMWE,6642,0.4576,"[lc=""a""] [lc=""denti""] [lc=""stretti""]"
a dirotto,AMWE,6142,0.4232,"[lc=""a""] [lc=""dirotto""]"
a doppio taglio,AMWE,9642,0.6643,"[lc=""a""] [lc=""doppio""] [lc=""taglio""]"
a due passi,AMWE,107319,7.3939,"[lc=""a""] [lc=""due""] [lc=""passi""]"
a fagiolo,AMWE,3163,0.2179,"[lc=""a""] [lc=""fagiolo""]"
a ferro e fuoco,AMWE,7471,0.5147,"[lc=""a""] [lc=""ferro""] [lc=""e""] [lc=""fuoco""]"
a fior d'acqua,AMWE,565,0.0389,"[lc=""a""] [lc=""fior""] [lc=""d'""] [lc=""acqua""]"
a fior di pelle,AMWE,2899,0.1997,"[lc=""a""] [lc=""fior""] [lc=""di""] [lc=""pelle""]"
a fondo perduto,AMWE,39401,2.7146,"[lc=""a""] [lc=""fondo""] [lc=""perduto""]"
a freddo,AMWE,67178,4.6283,"[lc=""a""] [lc=""freddo""]"
a gambe all'aria,AMWE,2024,0.1394,"[lc=""a""] [lc=""gambe""] [lc=""all'""] [lc=""aria""]"
a gambe levate,AMWE,5856,0.4035,"[lc=""a""] [lc=""gambe""] [lc=""levate""]"
a gogò,AMWE,2356,0.1623,"[lc=""a""] [lc=""gogò""]"
a gonfie vele,AMWE,11427,0.7873,"[lc=""a""] [lc=""gonfie""] [lc=""vele""]"
a lume di candela,AMWE,13250,0.9129,"[lc=""a""] [lc=""lume""] [lc=""di""] [lc=""candela""]"
a mal partito,AMWE,1073,0.0739,"[lc=""a""] [lc=""mal""] [lc=""partito""]"
a man salva,AMWE,274,0.0189,"[lc=""a""] [lc=""man""] [lc=""salva""]"
a mani basse,AMWE,5214,0.3592,"[lc=""a""] [lc=""mani""] [lc=""basse""]"
a memoria d'uomo,AMWE,2447,0.1686,"[lc=""a""] [lc=""memoria""] [lc=""d'""] [lc=""uomo""]"
a muso duro,AMWE,4158,0.2865,"[lc=""a""] [lc=""muso""] [lc=""duro""]"
a naso,AMWE,8699,0.5993,"[lc=""a""] [lc=""naso""]"
a ogni piè sospinto,AMWE,1146,0.079,"[lc=""a""] [lc=""ogni""] [lc=""piè""] [lc=""sospinto""]"
a onor del vero,AMWE,7474,0.5149,"[lc=""a""] [lc=""onor""] [lc=""del""] [lc=""vero""]"
a orecchio,AMWE,2519,0.1735,"[lc=""a""] [lc=""orecchio""]"
a pancia all'aria,AMWE,719,0.0495,"[lc=""a""] [lc=""pancia""] [lc=""all'""] [lc=""aria""]"
a pane e acqua,AMWE,1151,0.0793,"[lc=""a""] [lc=""pane""] [lc=""e""] [lc=""acqua""]"
a piede libero,AMWE,14478,0.9975,"[lc=""a""] [lc=""piede""] [lc=""libero""]"
a piè pari,AMWE,4411,0.3039,"[lc=""a""] [lc=""piè""] [lc=""pari""]"
a quattr' occhi,AMWE,1998,0.0037,"[lc=""a""] [lc=""quattr""] [lc=""'""] [lc=""occhi""]"
a quattro palmenti,AMWE,214,0.0147,"[lc=""a""] [lc=""quattro""] [lc=""palmenti""]"
a ragion veduta,AMWE,6941,0.4782,"[lc=""a""] [lc=""ragion""] [lc=""veduta""]"
a rotta di collo,AMWE,2368,0.1631,"[lc=""a""] [lc=""rotta""] [lc=""di""] [lc=""collo""]"
a ruota libera,AMWE,7931,0.5464,"[lc=""a""] [lc=""ruota""] [lc=""libera""]"
a sbafo,AMWE,2298,0.1583,"[lc=""a""] [lc=""sbafo""]"
a scrocco,AMWE,1725,0.1188,"[lc=""a""] [lc=""scrocco""]"
a spron battuto,AMWE,2120,0.1461,"[lc=""a""] [lc=""spron""] [lc=""battuto""]"
a stecchetto,AMWE,1034,0.0712,"[lc=""a""] [lc=""stecchetto""]"
a tutta birra,AMWE,2654,0.1829,"[lc=""a""] [lc=""tutta""] [lc=""birra""]"
a tutto gas,AMWE,3302,0.2275,"[lc=""a""] [lc=""tutto""] [lc=""gas""]"
a tutto spiano,AMWE,4524,0.3117,"[lc=""a""] [lc=""tutto""] [lc=""spiano""]"
a ufo,AMWE,725,0.0499,"[lc=""a""] [lc=""ufo""]"
a un bel momento,AMWE,179,0.0123,"[lc=""a""] [lc=""un""] [lc=""bel""] [lc=""momento""]"
a un palmo dal naso,AMWE,161,0.0111,"[lc=""a""] [lc=""un""] [lc=""palmo""] [lc=""dal""] [lc=""naso""]"
a un tiro di schioppo,AMWE,1598,0.1101,"[lc=""a""] [lc=""un""] [lc=""tiro""] [lc=""di""] [lc=""schioppo""]"
abbassare la cresta,VMWE,1064,0.0733,"[lemma=""abbassare""] []{0,2} [lc=""cresta""]"
accapponare la pelle,VMWE,4324,0.2979,"[lemma=""accapponare""] []{0,2} [lc=""pelle""]"
acqua alla gola,AMWE,3522,0.2427,"[lc=""acqua""] [lc=""alla""] [lc=""gola""]"
acqua e sapone,AMWE,14787,1.0188,"[lc=""acqua""] [lc=""e""] [lc=""sapone""]"
acqua in bocca,NMWE,1594,0.1098,"[lc=""acqua""] [lc=""in""] [lc=""bocca""]"
acqua sotto i ponti,NMWE,3247,0.2237,"[lc=""acqua""] [lc=""sotto""] [lc=""i""] [lc=""ponti""]"
acquolina in bocca,NMWE,8388,0.5779,"[lc=""acquolina""] [lc=""in""] [lc=""bocca""]"
affilare le armi,VMWE,2357,0.1624,"[lemma=""affilare""] []{0,2} [lc=""armi""]"
agli sgoccioli,AMWE,10904,0.7512,"[lc=""agli""] [lc=""sgoccioli""]"
ai ferri corti,AMWE,3842,0.2647,"[lc=""ai""] [lc=""ferri""] [lc=""corti""]"
ai quattro venti,AMWE,6743,0.4646,"[lc=""ai""] [lc=""quattro""] [lc=""venti""]"
al dente,AMWE,18002,1.2403,"[lc=""al""] [lc=""dente""]"
al passo coi tempi,AMWE,11046,0.761,"[lc=""al""] [lc=""passo""] [lc=""coi""] [lc=""tempi""]"
all'acqua di rose,AMWE,2440,0.1681,"[lc=""all'""] [lc=""acqua""] [lc=""di""] [lc=""rose""]"
all'americana,AMWE,13558,0.9341,"[lc=""all'""] [lc=""americana""]"
all'arma bianca,AMWE,3470,0.2391,"[lc=""all'""] [lc=""arma""] [lc=""bianca""]"
all'impronta,AMWE,2718,0.1873,"[lc=""all'""] [lc=""impronta""]"
alla buon ora,AMWE,208,0.0143,"[lc=""alla""] [lc=""buon""] [lc=""ora""]"
alla canna del gas,AMWE,2170,0.1495,"[lc=""alla""] [lc=""canna""] [lc=""del""] [lc=""gas""]"
alla carlona,AMWE,1169,0.0805,"[lc=""alla""] [lc=""carlona""]"
alla chetichella,AMWE,2705,0.1864,"[lc=""alla""] [lc=""chetichella""]"
alla fine della fiera,AMWE,4526,0.3118,"[lc=""alla""] [lc=""fine""] [lc=""della""] [lc=""fiera""]"
alla garibaldina,AMWE,455,0.0313,"[lc=""alla""] [lc=""garibaldina""]"
alle prese,AMWE,129436,8.9177,"[lc=""alle""] [lc=""prese""]"
alle prime armi,AMWE,35121,2.4197,"[lc=""alle""] [lc=""prime""] [lc=""armi""]"
altro paio di maniche,NMWE,4741,0.3266,"[lc=""altro""] [lc=""paio""] [lc=""di""] [lc=""maniche""]"
alzare i tacchi,VMWE,712,0.0491,"[lemma=""alzare""] []{0,1} [lc=""i""] [lc=""tacchi""]"
alzare il gomito,VMWE,1891,0.1303,"[lemma=""alzare""] []{0,1} [lc=""il""] [lc=""gomito""]"
alzare le spalle,VMWE,5408,0.3726,"[lemma=""alzare""] []{0,1} [lc=""le""] [lc=""spalle""]"
amici per la pelle,NMWE,2050,0.1412,"[lc=""amici""] [lc=""per""] [lc=""la""] [lc=""pelle""]"
amico del giaguaro,NMWE,286,0.0197,"[lc=""amico""] [lc=""del""] [lc=""giaguaro""]"
ammazzare il tempo,VMWE,2473,0.1704,"[lemma=""ammazzare""] []{0,1} [lc=""il""] [lc=""tempo""]"
anatra zoppa,NMWE,1070,0.0737,"[lc=""anatra""] [lc=""zoppa""]"
ancora di salvezza,NMWE,6872,0.4735,"[lc=""ancora""] [lc=""di""] [lc=""salvezza""]"
andarci pesante,VMWE,1858,0.13,"[lemma=""andare""] []{0,1} [lc=""giù""] [lc=""pesante""]"
andare a braccetto,VMWE,12667,0.8727,"[lemma=""andare""] []{0,1} [lc=""a""] [lc=""braccetto""]"
andare a farsi benedire,VMWE,5930,0.41,"[lemma_lc=""andare""] []{0,1} [lc=""a""] [lemma_lc=""fare""] [lc=""benedire""]"
andare a genio,VMWE,6068,0.4181,"[lemma=""andare""] []{0,1} [lc=""a""] [lc=""genio""]"
andare a monte,VMWE,2621,0.1806,"[lemma=""andare""] []{0,1} [lc=""a""] [lc=""monte""]"
andare a naso,VMWE,706,0.0486,"[lemma=""andare""] []{0,1} [lc=""a""] [lc=""naso""]"
andare a nozze,VMWE,4053,0.2792,"[lemma=""andare""] []{0,1} [lc=""a""] [lc=""nozze""]"
andare a parare,VMWE,10801,0.7441,"[lemma=""andare""] []{0,1} [lc=""a""] [lc=""parare""]"
andare a quel paese,VMWE,2224,0.1532,"[lemma=""andare""] []{0,1} [lc=""a""] [lc=""quel""] [lc=""paese""]"
andare a ramengo,VMWE,941,0.0648,"[lemma=""andare""] []{0,1} [lc=""a""] [lc=""ramengo""]"
andare a rotoli,VMWE,5731,0.3948,"[lemma=""andare""] []{0,1} [lc=""a""] [lc=""rotoli""]"
andare a zonzo,VMWE,2243,0.1545,"[lemma=""andare""] []{0,1} [lc=""a""] [lc=""zonzo""]"
andare buca,VMWE,942,0.0649,"[lemma=""andare""] []{0,1} [lc=""buca""]"
andare cauto,VMWE,1919,0.1322,"[lemma=""andare""] []{0,1} [lc=""cauto""]"
andare controcorrente,VMWE,8916,0.6143,"[lemma=""andare""] []{0,1} [lc=""controcorrente""]"
andare di traverso,VMWE,2771,0.1909,"[lemma=""andare""] []{0,1} [lc=""di""] [lc=""traverso""]"
andare fuori tema,VMWE,4152,0.2861,"[lemma=""andare""] []{0,1} [lc=""fuori""] [lc=""tema""]"
andare in briciole,VMWE,148,0.0102,"[lemma=""andare""] []{0,1} [lc=""in""] [lc=""briciole""]"
andare in brodo di giuggiole,VMWE,933,0.0643,"[lemma=""andare""] []{0,1} [lc=""in""] [lc=""brodo""] [lc=""di""] [lc=""giuggiole""]"
andare in panne,VMWE,522,0.036,"[lemma=""andare""] []{0,1} [lc=""in""] [lc=""panne""]"
andare in porto,VMWE,17502,1.2058,"[lemma=""andare""] []{0,1} [lc=""in""] [lc=""porto""]"
andare in rosso,VMWE,1496,0.1031,"[lemma=""andare""] []{0,1} [lc=""in""] [lc=""rosso""]"
andare in tilt,VMWE,7929,0.5463,"[lemma=""andare""] []{0,1} [lc=""in""] [lc=""tilt""]"
andare nel pallone,VMWE,1026,0.0707,"[lemma=""andare""] []{0,1} [lc=""nel""] [lc=""pallone""]"
andare per il sottile,VMWE,3990,0.2749,"[lemma=""andare""] []{0,1} [lc=""per""] [lc=""il""] [lc=""sottile""]"
andare storto,VMWE,21435,1.4768,"[lemma=""andare""] []{0,1} [lc=""storto""]"
angolo cieco,NMWE,1538,0.106,"[lc=""angolo""] [lc=""cieco""]"
animale da palcoscenico,NMWE,969,0.0668,"[lc=""animale""] [lc=""da""] [lc=""palcoscenico""]"
annessi e connessi,NMWE,4802,0.3308,"[lc=""annessi""] [lc=""e""] [lc=""connessi""]"
appendere al chiodo,VMWE,974,0.0671,"[lemma=""appendere""] []{0,1} [lc=""al""] [lc=""chiodo""]"
apriti cielo,FMWE,6017,0.4145,"[lc=""apriti""] [lc=""cielo""]"
araba fenice,NMWE,5857,0.4035,"[lc=""araba""] [lc=""fenice""]"
argento vivo,NMWE,2655,0.1829,"[lc=""argento""] [lc=""vivo""]"
aria fritta,NMWE,7547,0.52,"[lc=""aria""] [lc=""fritta""]"
aria tira,VMWE,2231,0.1537,"[lc=""aria""] [lemma=""tirare""]"
arrampicarsi specchi o vetri,VMWE,5991,0.41,"[lemma=""arrampicare""] []{0,2} [lc=""sugli""] [[lc=""specchi""] | [lc=""vetri""]]"
ascesa e caduta,NMWE,1068,0.0736,"[lc=""ascesa""] [lc=""e""] [lc=""caduta""]"
assalto alla diligenza,NMWE,1501,0.1034,"[lc=""assalto""] [lc=""alla""] [lc=""diligenza""]"
asso nella manica,NMWE,7472,0.5148,"[lc=""asso""] [lc=""nella""] [lc=""manica""]"
attaccare bottone,VMWE,2945,0.2029,"[lemma=""attaccare""] []{0,1} [lc=""bottone""]"
attaccarsi al tram,VMWE,678,0.05,"[lemma_lc=""attaccare""] []{0,2} [lc=""al""] [lc=""tram""]"
avere carta bianca,VMWE,3647,0.2513,"[lemma=""avere""] []{0,1} [lc=""carta""] [lc=""bianca""]"
avere culo,VMWE,4789,0.3299,"[lemma=""avere""] []{0,1} [lc=""culo""]"
avere fegato,VMWE,3328,0.2293,"[lemma=""avere""] []{0,1} [lc=""fegato""]"
avere i numeri,VMWE,14524,1.0006,"[lemma=""avere""] []{0,1} [lc=""i""] [lc=""numeri""]"
avere il cuore in gola,VMWE,645,0.0444,"[lemma=""avere""] []{0,1} [lc=""il""] [lc=""cuore""] [lc=""in""] [lc=""gola""]"
avere il dente avvelenato,VMWE,1101,0.0759,"[lemma=""avere""] []{0,1} [lc=""il""] [lc=""dente""] [lc=""avvelenato""]"
avere il diavolo in corpo,VMWE,99,0.0068,"[lemma=""avere""] []{0,1} [lc=""il""] [lc=""diavolo""] [lc=""in""] [lc=""corpo""]"
avere il pelo sullo stomaco,VMWE,163,0.0112,"[lemma=""avere""] []{0,1} [lc=""il""] [lc=""pelo""] [lc=""sullo""] [lc=""stomaco""]"
avere la coda di paglia,VMWE,1366,0.0941,"[lemma=""avere""] []{0,1} [lc=""la""] [lc=""coda""] [lc=""di""] [lc=""paglia""]"
avere le ali ai piedi,VMWE,239,0.0165,"[lemma=""avere""] []{0,1} [lc=""le""] [lc=""ali""] [lc=""ai""] [lc=""piedi""]"
avere le mani bucate,VMWE,334,0.023,"[lemma=""avere""] []{0,1} [lc=""le""] [lc=""mani""] [lc=""bucate""]"
avere le mani legate,VMWE,2839,0.1956,"[lemma=""avere""] []{0,1} [lc=""le""] [lc=""mani""] [lc=""legate""]"
avere un diavolo per capello,VMWE,348,0.024,"[lemma=""avere""] []{0,1} [lc=""un""] [lc=""diavolo""] [lc=""per""] [lc=""capello""]"
avere un groppo in gola,VMWE,194,0.0134,"[lemma=""avere""] []{0,1} [lc=""un""] [lc=""groppo""] [lc=""in""] [lc=""gola""]"
avvocato del diavolo,NMWE,2950,0.2032,"[lc=""avvocato""] [lc=""del""] [lc=""diavolo""]"
banalità del male,NMWE,3554,0.2449,"[lc=""banalità""] [lc=""del""] [lc=""male""]"
bando alle ciance,FMWE,4900,0.3376,"[lc=""bando""] [lc=""alle""] [lc=""ciance""]"
baracca e burattini,NMWE,1748,0.1204,"[lc=""baracca""] [lc=""e""] [lc=""burattini""]"
barca di soldi,NMWE,1371,0.0945,"[lc=""barca""] [lc=""di""] [lc=""soldi""]"
bastone della vecchiaia,NMWE,136,0.0094,"[lc=""bastone""] [lc=""della""] [lc=""vecchiaia""]"
battere cassa,VMWE,3265,0.2249,"[lemma=""battere""] []{0,1} [lc=""cassa""]"
battere e ribattere,VMWE,139,0.0096,"[lemma=""battere""] []{0,1} [lc=""e""] [lc=""ribattere""]"
battere in ritirata,VMWE,2449,0.1687,"[lemma=""battere""] []{0,1} [lc=""in""] [lc=""ritirata""]"
battere la fiacca,VMWE,858,0.0591,"[lemma=""battere""] []{0,1} [lc=""la""] [lc=""fiacca""]"
bava di vento,NMWE,394,0.0271,"[lc=""bava""] [lc=""di""] [lc=""vento""]"
becco di un quattrino,NMWE,943,0.065,"[lc=""becco""] [lc=""di""] [lc=""un""] [lc=""quattrino""]"
bell'e buono,AMWE,40,0.01,"[lc=""bell'""] [lc=""e""] [lc=""buono""]"
botta di vita,NMWE,1266,0.0872,"[lc=""botta""] [lc=""di""] [lc=""vita""]"
botta e risposta,NMWE,17423,1.2004,"[lc=""botta""] [lc=""e""] [lc=""risposta""]"
botte da orbi,NMWE,1794,0.1236,"[lc=""botte""] [lc=""da""] [lc=""orbi""]"
braccino corto,NMWE,1129,0.0778,"[lc=""braccino""] [lc=""corto""]"
brancolare nel buio,VMWE,5574,0.384,"[lemma=""brancolare""] []{0,1} [lc=""nel""] [lc=""buio""]"
brutto anatroccolo,NMWE,3713,0.2558,"[lc=""brutto""] [lc=""anatroccolo""]"
buco nell'acqua,NMWE,4316,0.2974,"[lc=""buco""] [lc=""nell'""] [lc=""acqua""]"
buon viso a cattivo gioco,NMWE,2951,0.2033,"[lc=""buon""] [lc=""viso""] [lc=""a""] [lc=""cattivo""] [lc=""gioco""]"
buonanotte ai suonatori,FMWE,293,0.0202,"[lc=""buonanotte""] [lc=""ai""] [lc=""suonatori""]"
buttare a mare,VMWE,4995,0.3441,"[lemma=""buttare""] []{0,1} [lc=""a""] [lc=""mare""]"
buttarla in caciara,VMWE,1551,0.11,"[lemma=""buttare""] []{0,1} [lc=""in""] [lc=""caciara""]"
buttarsi a pesce,VMWE,1007,0.07,"[lemma=""buttare""] []{0,1} [lc=""a""] [lc=""pesce""]"
caccia al ladro,NMWE,672,0.0463,"[lc=""caccia""] [lc=""al""] [lc=""ladro""]"
caccia all'uomo,NMWE,7328,0.5049,"[lc=""caccia""] [lc=""all'""] [lc=""uomo""]"
caccia alle streghe,NMWE,10827,0.7459,"[lc=""caccia""] [lc=""alle""] [lc=""streghe""]"
cadere dal pero,VMWE,864,0.0595,"[lemma=""cadere""] []{0,1} [lc=""dal""] [lc=""pero""]"
calare le braghe,VMWE,1463,0.1008,"[lemma=""calare""] []{0,1} [lc=""le""] [lc=""braghe""]"
calma e gesso,NMWE,859,0.0592,"[lc=""calma""] [lc=""e""] [lc=""gesso""]"
calmare le acque,VMWE,2364,0.1629,"[lemma=""calmare""] []{0,1} [lc=""le""] [lc=""acque""]"
calzare a pennello,VMWE,6876,0.4737,"[lemma=""calzare""] []{0,1} [lc=""a""] [lc=""pennello""]"
cambiare i connotati,VMWE,1748,0.1204,"[lemma=""cambiare""] []{0,1} [lc=""i""] [lc=""connotati""]"
camminare sulle uova,VMWE,378,0.026,"[lemma=""camminare""] []{0,1} [lc=""sulle""] [lc=""uova""]"
cane bastonato,NMWE,904,0.0623,"[lc=""cane""] [lc=""bastonato""]"
cane gatto o gatto cane,NMWE,304,0.02,"[lc=""cane""] [lc=""gatto""] [lc=""o""] [lc=""gatto""] [lc=""cane""]"
cane sciolto,NMWE,1585,0.1092,"[lc=""cane""] [lc=""sciolto""]"
cantare vittoria,VMWE,6305,0.4344,"[lemma=""cantare""] []{0,1} [lc=""vittoria""]"
capire l'antifona,VMWE,1519,0.1047,"[lemma=""capire""] []{0,1} [lc=""l'""] [lc=""antifona""]"
capitale morale,NMWE,1463,0.1008,"[lc=""capitale""] [lc=""morale""]"
capitare a tiro,VMWE,4265,0.2938,"[lemma=""capitare""] []{0,1} [lc=""a""] [lc=""tiro""]"
capro espiatorio,NMWE,19663,1.3547,"[lc=""capro""] [lc=""espiatorio""]"
carico da undici,NMWE,339,0.0234,"[lc=""carico""] [lc=""da""] [lc=""undici""]"
carne da cannone,NMWE,1917,0.1321,"[lc=""carne""] [lc=""da""] [lc=""cannone""]"
carne da macello,NMWE,4998,0.3443,"[lc=""carne""] [lc=""da""] [lc=""macello""]"
carne della mia carne,NMWE,390,0.0269,"[lc=""carne""] [lc=""della""] [lc=""mia""] [lc=""carne""]"
carta canta,VMWE,1979,0.1363,"[lc=""carta""] [lemma=""cantare""]"
casa e chiesa,AMWE,799,0.055,"[lc=""casa""] [lc=""e""] [lc=""chiesa""]"
cascare le braccia,VMWE,1328,0.0915,"[lemma=""cascare""] []{0,1} [lc=""le""] [lc=""braccia""]"
cascasse il mondo,VMWE,1940,0.1337,"[lemma=""cascare""] []{0,1} [lc=""il""] [lc=""mondo""]"
castelli in aria,NMWE,1577,0.1086,"[lc=""castelli""] [lc=""in""] [lc=""aria""]"
cattedrale nel deserto,NMWE,2026,0.1396,"[lc=""cattedrale""] [lc=""nel""] [lc=""deserto""]"
cavalcare l'onda,VMWE,9645,0.6645,"[lemma=""cavalcare""] []{0,1} [lc=""l'""] [lc=""onda""]"
cavalcare la tigre,VMWE,1313,0.0905,"[lemma=""cavalcare""] []{0,1} [lc=""la""] [lc=""tigre""]"
cavallo di battaglia,NMWE,19117,1.3171,"[lc=""cavallo""] [lc=""di""] [lc=""battaglia""]"
cavare un ragno dal buco,VMWE,1861,0.1282,"[lemma=""cavare""] []{0,1} [lc=""un""] [lc=""ragno""] [lc=""dal""] [lc=""buco""]"
cavoli a merenda,NMWE,1760,0.1213,"[lc=""cavoli""] [lc=""a""] [lc=""merenda""]"
cercare il pelo nell'uovo,VMWE,2047,0.141,"[lemma=""cercare""] []{0,1} [lc=""il""] [lc=""pelo""] [lc=""nell'""] [lc=""uovo""]"
chiodo fisso,NMWE,5552,0.3825,"[lc=""chiodo""] [lc=""fisso""]"
chiudere il becco,VMWE,596,0.0411,"[lemma=""chiudere""] []{0,1} [lc=""il""] [lc=""becco""]"
chiudersi a riccio,VMWE,3301,0.23,"[lemma=""chiudere""] []{0,1} [lc=""a""] [lc=""riccio""]"
cogliere in contropiede,VMWE,373,0.0257,"[lemma=""cogliere""] []{0,1} [lc=""in""] [lc=""contropiede""]"
coi fiocchi,AMWE,6663,0.4591,"[lc=""coi""] [lc=""fiocchi""]"
col cavolo,AMWE,4774,0.3289,"[lc=""col""] [lc=""cavolo""]"
colpo cerchio colpo botte,NMWE,171,0.012,"[lc=""colpo""] [lc=""al""] [lc=""cerchio""] []{0,4} [lc=""colpo""] [lc=""alla""] [lc=""botte""]"
colpo di coda,NMWE,5913,0.4074,"[lc=""colpo""] [lc=""di""] [lc=""coda""]"
colpo di fulmine,NMWE,12189,0.8398,"[lc=""colpo""] [lc=""di""] [lc=""fulmine""]"
colpo di mano,NMWE,8596,0.5922,"[lc=""colpo""] [lc=""di""] [lc=""mano""]"
colpo di spugna,NMWE,5791,0.399,"[lc=""colpo""] [lc=""di""] [lc=""spugna""]"
comandare a bacchetta,VMWE,945,0.0651,"[lemma=""comandare""] []{0,1} [lc=""a""] [lc=""bacchetta""]"
compagni di merende,NMWE,2279,0.157,"[lc=""compagni""] [lc=""di""] [lc=""merende""]"
con beneficio d'inventario,AMWE,1241,0.0855,"[lc=""con""] [lc=""beneficio""] [lc=""d'""] [lc=""inventario""]"
con la coda dell'occhio,AMWE,5216,0.3594,"[lc=""con""] [lc=""la""] [lc=""coda""] [lc=""dell'""] [lc=""occhio""]"
con le mani in mano,AMWE,8786,0.6053,"[lc=""con""] [lc=""le""] [lc=""mani""] [lc=""in""] [lc=""mano""]"
con le pive nel sacco,AMWE,845,0.0582,"[lc=""con""] [lc=""le""] [lc=""pive""] [lc=""nel""] [lc=""sacco""]"
restare con pugno di mosche,VMWE,2362,0.16,"[lc=""con""] [lc=""un""] [lc=""pugno""] [lc=""di""] [lc=""mosche""]"
con questi chiari di luna,AMWE,697,0.048,"[lc=""con""] [lc=""questi""] [lc=""chiari""] [lc=""di""] [lc=""luna""]"
con un palmo di naso,AMWE,992,0.0683,"[lc=""con""] [lc=""un""] [lc=""palmo""] [lc=""di""] [lc=""naso""]"
conciare per le feste,VMWE,578,0.0398,"[lemma=""conciare""] []{0,1} [lc=""per""] [lc=""le""] [lc=""feste""]"
conoscere i propri polli,VMWE,42,0.0029,"[lemma=""conoscere""] []{0,1} [lc=""i""] [lc=""propri""] [lc=""polli""]"
conto in sospeso,NMWE,2016,0.1389,"[lc=""conto""] [lc=""in""] [lc=""sospeso""]"
contrordine compagni,FMWE,565,0.0389,"[lc=""contrordine""] [lc=""compagni""]"
convergenze parallele,NMWE,1166,0.0803,"[lc=""convergenze""] [lc=""parallele""]"
convitato di pietra,NMWE,2824,0.1946,"[lc=""convitato""] [lc=""di""] [lc=""pietra""]"
coprire le spalle,VMWE,3418,0.2355,"[lemma=""coprire""] []{0,1} [lc=""le""] [lc=""spalle""]"
cornuto e mazziato,AMWE,623,0.0429,"[lc=""cornuto""] [lc=""e""] [lc=""mazziato""]"
correre la cavallina,VMWE,77,0.0053,"[lemma=""correre""] []{0,1} [lc=""la""] [lc=""cavallina""]"
cortina di ferro,NMWE,6274,0.4323,"[lc=""cortina""] [lc=""di""] [lc=""ferro""]"
cose turche,NMWE,548,0.0378,"[lc=""cose""] [lc=""turche""]"
cospargersi il capo di cenere,VMWE,1466,0.1,"[lemma=""cospargere""] []{0,1} [lc=""il""] [lc=""capo""] [lc=""di""] [lc=""cenere""]"
costruire sulla sabbia,VMWE,735,0.0506,"[lemma=""costruire""] []{0,1} [lc=""sulla""] [lc=""sabbia""]"
culo e camicia,NMWE,528,0.0364,"[lc=""culo""] [lc=""e""] [lc=""camicia""]"
cuocere a puntino,VMWE,1452,0.1,"[lemma=""cuocere""] []{0,1} [lc=""a""] [lc=""puntino""]"
dalle piccole cose,AMWE,2734,0.1884,"[lc=""dalle""] [lc=""piccole""] [lc=""cose""]"
dalle stelle alle stalle,AMWE,1339,0.0923,"[lc=""dalle""] [lc=""stelle""] [lc=""alle""] [lc=""stalle""]"
darci dentro,VMWE,8111,0.56,"[lemma=""dare""] []{0,1} [lc=""dentro""]"
dare adito,VMWE,12332,0.8496,"[lemma=""dare""] []{0,1} [lc=""adito""]"
dare alla testa,VMWE,3033,0.209,"[lemma=""dare""] []{0,1} [lc=""alla""] [lc=""testa""]"
dare corda,VMWE,2392,0.1648,"[lemma=""dare""] []{0,1} [lc=""corda""]"
dare corpo alle ombre,VMWE,75,0.0052,"[lemma=""dare""] []{0,1} [lc=""corpo""] [lc=""alle""] [lc=""ombre""]"
dare di gomito,VMWE,657,0.0453,"[lemma=""dare""] []{0,1} [lc=""di""] [lc=""gomito""]"
dare di matto,VMWE,2586,0.1782,"[lemma=""dare""] []{0,1} [lc=""di""] [lc=""matto""]"
dare i numeri,VMWE,6791,0.4679,"[lemma=""dare""] []{0,1} [lc=""i""] [lc=""numeri""]"
dare il cinque,VMWE,576,0.0397,"[lemma=""dare""] []{0,1} [lc=""il""] [lc=""cinque""]"
dare il colpo di grazia,VMWE,6495,0.4475,"[lemma=""dare""] []{0,1} [lc=""il""] [lc=""colpo""] [lc=""di""] [lc=""grazia""]"
dare l'imbeccata,VMWE,557,0.0384,"[lemma=""dare""] []{0,1} [lc=""l'""] [lc=""imbeccata""]"
dare un colpo di telefono,VMWE,276,0.019,"[lemma=""dare""] []{0,1} [lc=""un""] [lc=""colpo""] [lc=""di""] [lc=""telefono""]"
darsela a gambe,VMWE,3474,24,"[lemma=""dare""] []{0,1} [lc=""a""] [lc=""gambe""]"
darsi delle arie,VMWE,873,0.06,"[lemma=""dare""] []{0,1} [lc=""delle""] [lc=""arie""]"
di buzzo buono,AMWE,690,0.0475,"[lc=""di""] [lc=""buzzo""] [lc=""buono""]"
di facili costumi,AMWE,1713,0.118,"[lc=""di""] [lc=""facili""] [lc=""costumi""]"
di necessità virtù,AMWE,4946,0.3408,"[lc=""di""] [lc=""necessità""] [lc=""virtù""]"
di nicchia,AMWE,45830,3.1575,"[lc=""di""] [lc=""nicchia""]"
di palo in frasca,AMWE,1379,0.095,"[lc=""di""] [lc=""palo""] [lc=""in""] [lc=""frasca""]"
di santa ragione,AMWE,5016,0.3456,"[lc=""di""] [lc=""santa""] [lc=""ragione""]"
dietro le quinte,AMWE,53018,3.6527,"[lc=""dietro""] [lc=""le""] [lc=""quinte""]"
dissotterrare l'ascia di guerra,VMWE,172,0.0119,"[lemma=""dissotterrare""] []{0,1} [lc=""l'""] [lc=""ascia""] [lc=""di""] [lc=""guerra""]"
doccia scozzese,NMWE,819,0.0564,"[lc=""doccia""] [lc=""scozzese""]"
due gocce d'acqua,AMWE,1037,0.0714,"[lc=""due""] [lc=""gocce""] [lc=""d'""] [lc=""acqua""]"
editto bulgaro,NMWE,1212,0.0835,"[lc=""editto""] [lc=""bulgaro""]"
eminenza grigia,NMWE,2011,0.1386,"[lc=""eminenza""] [lc=""grigia""]"
essere al capolinea,VMWE,5923,0.4081,"[lemma=""essere""] []{0,1} [lc=""al""] [lc=""capolinea""]"
essere al lumicino,VMWE,1887,0.13,"[lemma=""essere""] []{0,1} [lc=""al""] [lc=""lumicino""]"
essere al verde,VMWE,1512,0.1042,"[lemma=""essere""] []{0,1} [lc=""al""] [lc=""verde""]"
essere alla frutta,VMWE,6466,0.4455,"[lemma=""essere""] []{0,1} [lc=""alla""] [lc=""frutta""]"
essere messo male,VMWE,1832,0.1262,"[lemma=""essere""] []{0,1} [lc=""messo""] [lc=""male""]"
essere sopra le parti,VMWE,224,0.0154,"[lemma=""essere""] []{0,1} [lc=""sopra""] [lc=""le""] [lc=""parti""]"
essere un asso,VMWE,1915,0.1319,"[lemma=""essere""] []{0,1} [lc=""un""] [lc=""asso""]"
essere un libro aperto,VMWE,1305,0.0899,"[lemma=""essere""] []{0,1} [lc=""un""] [lc=""libro""] [lc=""aperto""]"
età dell'oro,NMWE,11041,0.7607,"[lc=""età""] [lc=""dell'""] [lc=""oro""]"
faccia di bronzo,NMWE,2071,0.1427,"[lc=""faccia""] [lc=""di""] [lc=""bronzo""]"
facile come bere un bicchier d'acqua,AMWE,239,0.0165,"[lc=""facile""] [lc=""come""] [lc=""bere""] [lc=""un""] [lc=""bicchier""] [lc=""d'""] [lc=""acqua""]"
farci una croce sopra,VMWE,86,0.01,"[lemma=""fare""] []{0,1} [lc=""una""] [lc=""croce""] [lc=""sopra""]"
fare caso,VMWE,118986,8.1977,"[lemma=""fare""] []{0,1} [lc=""caso""]"
fare cilecca,VMWE,2616,0.1802,"[lemma=""fare""] []{0,1} [lc=""cilecca""]"
fare faville,VMWE,3194,0.2201,"[lemma=""fare""] []{0,1} [lc=""faville""]"
fare fiasco,VMWE,860,0.0593,"[lemma=""fare""] []{0,1} [lc=""fiasco""]"
fare flanella,VMWE,110,0.0076,"[lemma=""fare""] []{0,1} [lc=""flanella""]"
fare i conti senza l'oste,VMWE,1075,0.0741,"[lemma=""fare""] []{0,1} [lc=""i""] [lc=""conti""] [lc=""senza""] [lc=""l'""] [lc=""oste""]"
fare i salti mortali,VMWE,4327,0.2981,"[lemma=""fare""] []{0,1} [lc=""i""] [lc=""salti""] [lc=""mortali""]"
fare il culo,VMWE,5662,0.3901,"[lemma=""fare""] []{0,1} [lc=""il""] [lc=""culo""]"
fare il piacere,VMWE,7041,0.4851,"[lemma=""fare""] []{0,1} [lc=""il""] [lc=""piacere""]"
fare la pelle,VMWE,10760,0.7413,"[lemma=""fare""] []{0,1} [lc=""la""] [lc=""pelle""]"
fare laparte del leone,VMWE,1,0.0001,"[lemma=""fare""] []{0,1} [lc=""laparte""] [lc=""del""] [lc=""leone""]"
fare le corna,VMWE,2824,0.1946,"[lemma=""fare""] []{0,1} [lc=""le""] [lc=""corna""]"
fare man bassa,VMWE,2992,0.2061,"[lemma=""fare""] []{0,1} [lc=""man""] [lc=""bassa""]"
fare mente locale,VMWE,4551,0.3135,"[lemma=""fare""] []{0,1} [lc=""mente""] [lc=""locale""]"
fare pagare,VMWE,91703,6.318,"[lemma=""fare""] []{0,1} [lc=""pagare""]"
fare quadrato,VMWE,4674,0.322,"[lemma=""fare""] []{0,1} [lc=""quadrato""]"
fare spallucce,VMWE,4742,0.3267,"[lemma=""fare""] []{0,1} [lc=""spallucce""]"
fare strada,VMWE,82826,5.7064,"[lemma=""fare""] []{0,1} [lc=""strada""]"
fare un baffo,VMWE,3431,0.2364,"[lemma=""fare""] []{0,1} [lc=""un""] [lc=""baffo""]"
farfalle nello stomaco,NMWE,1770,0.1219,"[lc=""farfalle""] [lc=""nello""] [lc=""stomaco""]"
farla franca,VMWE,11800,0.81,"[lemma=""fare""] []{0,1} [lc=""franca""]"
farne le spese,VMWE,16297,1.12,"[lemma=""fare""] [lc=""le""] [lc=""spese""]"
farsene una ragione,VMWE,21634,1.49,"[lemma=""fare""] []{0,1} [lc=""una""] [lc=""ragione""]"
farsi bello,VMWE,4234,0.29,"[lemma=""fare""] [lc=""bello""] [tags!=""N.*""]"
farsi il culo,VMWE,3603,0.25,"[lemma=""fare si""] []{0,1} [lc=""il""] [lc=""culo""]"
fenomeno da baraccone,NMWE,1855,0.1278,"[lc=""fenomeno""] [lc=""da""] [lc=""baraccone""]"
figlio di papà,NMWE,1739,0.1198,"[lc=""figlio""] [lc=""di""] [lc=""papà""]"
figliol prodigo,NMWE,5654,0.3895,"[lc=""figliol""] [lc=""prodigo""]"
finire sul lastrico,VMWE,810,0.0558,"[lemma=""finire""] []{0,1} [lc=""sul""] [lc=""lastrico""]"
fischiare le orecchie,VMWE,1670,0.1151,"[lemma=""fischiare""] []{0,1} [lc=""le""] [lc=""orecchie""]"
forche caudine,NMWE,3234,0.2228,"[lc=""forche""] [lc=""caudine""]"
franco tiratore,NMWE,455,0.0313,"[lc=""franco""] [lc=""tiratore""]"
frullare per la testa,VMWE,1612,0.1111,"[lemma=""frullare""] []{0,1} [lc=""per""] [lc=""la""] [lc=""testa""]"
frutto proibito,NMWE,2283,0.1573,"[lc=""frutto""] [lc=""proibito""]"
fulmine a ciel sereno,NMWE,8631,0.5946,"[lc=""fulmine""] [lc=""a""] [lc=""ciel""] [lc=""sereno""]"
fulmine di guerra,NMWE,687,0.0473,"[lc=""fulmine""] [lc=""di""] [lc=""guerra""]"
fumare come un turco,VMWE,306,0.0211,"[lemma=""fumare""] []{0,1} [lc=""come""] [lc=""un""] [lc=""turco""]"
fumo e niente arrosto,NMWE,1167,0.0804,"[lc=""fumo""] [lc=""e""] [lc=""niente""] [lc=""arrosto""]"
fuoco di paglia,NMWE,4263,0.2937,"[lc=""fuoco""] [lc=""di""] [lc=""paglia""]"
fuori allenamento,AMWE,837,0.0577,"[lc=""fuori""] [lc=""allenamento""]"
fuori combattimento,AMWE,4504,0.3103,"[lc=""fuori""] [lc=""combattimento""]"
fuori commercio,AMWE,4116,0.2836,"[lc=""fuori""] [lc=""commercio""]"
fuori condizione,AMWE,476,0.0328,"[lc=""fuori""] [lc=""condizione""]"
fuori corso,AMWE,9246,0.637,"[lc=""fuori""] [lc=""corso""]"
fuori discussione,AMWE,10710,0.7379,"[lc=""fuori""] [lc=""discussione""]"
fuori dubbio,AMWE,2296,0.1582,"[lc=""fuori""] [lc=""dubbio""]"
fuori forma,AMWE,3194,0.2201,"[lc=""fuori""] [lc=""forma""]"
fuori legge,AMWE,10681,0.7359,"[lc=""fuori""] [lc=""legge""]"
fuori luogo,AMWE,47982,3.3058,"[lc=""fuori""] [lc=""luogo""]"
fuori mano,AMWE,4731,0.3259,"[lc=""fuori""] [lc=""mano""]"
fuori misura,AMWE,6971,0.4803,"[lc=""fuori""] [lc=""misura""]"
fuori moda,AMWE,9632,0.6636,"[lc=""fuori""] [lc=""moda""]"
fuori pericolo,AMWE,4734,0.3262,"[lc=""fuori""] [lc=""pericolo""]"
fuori posto,AMWE,17555,1.2095,"[lc=""fuori""] [lc=""posto""]"
fuori questione,AMWE,1282,0.0883,"[lc=""fuori""] [lc=""questione""]"
fuori stagione,AMWE,12640,0.8708,"[lc=""fuori""] [lc=""stagione""]"
fuori strada,AMWE,22985,1.5836,"[lc=""fuori""] [lc=""strada""]"
fuori uso,AMWE,19920,1.3724,"[lc=""fuori""] [lc=""uso""]"
furbetti del quartierino,NMWE,1727,0.119,"[lc=""furbetti""] [lc=""del""] [lc=""quartierino""]"
gambe in spalla,NMWE,761,0.0524,"[lc=""gambe""] [lc=""in""] [lc=""spalla""]"
gatta ci cova,VMWE,1093,0.0753,"[lc=""gatta""] [lc=""ci""] [lemma=""covare""]"
gatta da pelare,NMWE,2357,0.1624,"[lc=""gatta""] [lc=""da""] [lc=""pelare""]"
gatta morta,NMWE,975,0.0672,"[lc=""gatta""] [lc=""morta""]"
gelare il sangue nelle vene,VMWE,737,0.0508,"[lemma=""gelare""] []{0,1} [lc=""il""] [lc=""sangue""] [lc=""nelle""] [lc=""vene""]"
genio e sregolatezza,NMWE,1751,0.12,"[lc=""genio""] [lc=""e""] [lc=""sregolatezza""]"
gettare acqua sul fuoco,VMWE,2725,0.1877,"[lemma=""gettare""] []{0,1} [lc=""acqua""] [lc=""sul""] [lc=""fuoco""]"
gettare benzina sul fuoco,VMWE,2503,0.1724,"[lemma=""gettare""] []{0,1} [lc=""benzina""] [lc=""sul""] [lc=""fuoco""]"
gettare fango,VMWE,4622,0.3184,"[lemma=""gettare""] []{0,1} [lc=""fango""]"
gettare la spugna,VMWE,9417,0.6488,"[lemma=""gettare""] []{0,1} [lc=""la""] [lc=""spugna""]"
gioco da ragazzi,NMWE,14909,1.0272,"[lc=""gioco""] [lc=""da""] [lc=""ragazzi""]"
giornata nera,NMWE,1851,0.1275,"[lc=""giornata""] [lc=""nera""]"
girare il coltello nella piaga,VMWE,461,0.0318,"[lemma=""girare""] []{0,1} [lc=""il""] [lc=""coltello""] [lc=""nella""] [lc=""piaga""]"
grasso che cola,AMWE,1879,0.1295,"[lc=""grasso""] [lc=""che""] [lc=""cola""]"
grilli per la testa,NMWE,1317,0.0907,"[lc=""grilli""] [lc=""per""] [lc=""la""] [lc=""testa""]"
guarda caso,FMWE,56082,3.8638,"[lc=""guarda""] [lc=""caso""]"
i nodi vengono al pettine,VMWE,3432,0.2365,"[lc=""i""] [lc=""nodi""] [lemma=""venire""] []{0,1} [lc=""al""] [lc=""pettine""]"
il dado è tratto,VMWE,2515,0.1733,"[lc=""il""] [lc=""dado""] [lemma=""essere""] []{0,1} [lc=""tratto""]"
in bocca al lupo,FMWE,89869,6.1916,"[lc=""in""] [lc=""bocca""] [lc=""al""] [lc=""lupo""]"
in capo al mondo,AMWE,2678,0.1845,"[lc=""in""] [lc=""capo""] [lc=""al""] [lc=""mondo""]"
in carne viva,AMWE,134,0.0092,"[lc=""in""] [lc=""carne""] [lc=""viva""]"
in cattive acqua,AMWE,4,0.0003,"[lc=""in""] [lc=""cattive""] [lc=""acqua""]"
in gamba,AMWE,26894,1.8529,"[lc=""in""] [lc=""gamba""]"
in prima battuta,AMWE,18721,1.2898,"[lc=""in""] [lc=""prima""] [lc=""battuta""]"
in stato interessante,AMWE,1938,0.1335,"[lc=""in""] [lc=""stato""] [lc=""interessante""]"
in un amen,AMWE,1985,0.1368,"[lc=""in""] [lc=""un""] [lc=""amen""]"
in un baleno,AMWE,5685,0.3917,"[lc=""in""] [lc=""un""] [lc=""baleno""]"
in un battibaleno,AMWE,3591,0.2474,"[lc=""in""] [lc=""un""] [lc=""battibaleno""]"
indorare la pillola,VMWE,1425,0.0982,"[lemma=""indorare""] []{0,1} [lc=""la""] [lc=""pillola""]"
ingannare il tempo,VMWE,3116,0.2147,"[lemma=""ingannare""] []{0,1} [lc=""il""] [lc=""tempo""]"
ingoiare il rospo,VMWE,991,0.0683,"[lemma=""ingoiare""] []{0,1} [lc=""il""] [lc=""rospo""]"
inzuppare il biscottino,VMWE,42,0.0029,"[lemma=""inzuppare""] []{0,1} [lc=""il""] [lc=""biscottino""]"
isola felice,NMWE,7024,0.4839,"[lc=""isola""] [lc=""felice""]"
l'altra faccia della medaglia,NMWE,5203,0.3585,"[lc=""l'""] [lc=""altra""] [lc=""faccia""] [lc=""della""] [lc=""medaglia""]"
l'altra metà del cielo,NMWE,1843,0.127,"[lc=""l'""] [lc=""altra""] [lc=""metà""] [lc=""del""] [lc=""cielo""]"
l'amaro calice,NMWE,707,0.0487,"[lc=""l'""] [lc=""amaro""] [lc=""calice""]"
l'occhio vuole la sua parte,VMWE,4264,0.2938,"[lc=""l'""] [lc=""occhio""] [lemma=""volere""] []{0,1} [lc=""la""] [lc=""sua""] [lc=""parte""]"
la bella vita,NMWE,3622,0.2495,"[lc=""la""] [lc=""bella""] [lc=""vita""]"
la festa è finita,VMWE,1514,0.1043,"[lc=""la""] [lc=""festa""] [lemma=""essere""] []{0,1} [lc=""finita""]"
la frittata è fatta,VMWE,2533,0.1745,"[lc=""la""] [lc=""frittata""] [lemma=""essere""] []{0,1} [lc=""fatta""]"
la luna nel pozzo,NMWE,815,0.0562,"[lc=""la""] [lc=""luna""] [lc=""nel""] [lc=""pozzo""]"
la palla al balzo,NMWE,7007,0.4828,"[lc=""la""] [lc=""palla""] [lc=""al""] [lc=""balzo""]"
lacci e lacciuoli,NMWE,2112,0.1455,"[lc=""lacci""] [lc=""e""] [lc=""lacciuoli""]"
lacrime di coccodrillo,NMWE,2661,0.1833,"[lc=""lacrime""] [lc=""di""] [lc=""coccodrillo""]"
lacrime e sangue,NMWE,7288,0.5021,"[lc=""lacrime""] [lc=""e""] [lc=""sangue""]"
lampo di genio,NMWE,1679,0.1157,"[lc=""lampo""] [lc=""di""] [lc=""genio""]"
lana caprina,NMWE,2441,0.1682,"[lc=""lana""] [lc=""caprina""]"
lasciar correre,VMWE,10882,0.7497,"[lemma=""lasciare""] []{0,1} [lc=""correre""]"
lasciare l'amaro in bocca,VMWE,7950,0.5477,"[lemma=""lasciare""] []{0,1} [lc=""l'""] [lc=""amaro""] [lc=""in""] [lc=""bocca""]"
lavarsene le mani,VMWE,2695,0.1857,
lavata di capo,NMWE,864,0.0595,"[lc=""lavata""] [lc=""di""] [lc=""capo""]"
leccarsi i baffi,VMWE,8289,0.57,"[lemma_lc=""leccare""] []{0,1} [lc=""i""] [lc=""baffi""]"
legarsela al dito,VMWE,1125,0.078,"[lemma_lc=""legare""] []{0,1} [lc=""al""] [lc=""dito""]"
lettera morta,NMWE,8715,0.6004,"[lc=""lettera""] [lc=""morta""]"
levare le tende,VMWE,1253,0.0863,"[lemma=""levare""] []{0,1} [lc=""le""] [lc=""tende""]"
lieto fine,NMWE,35472,2.4439,"[lc=""lieto""] [lc=""fine""]"
lingua biforcuta,NMWE,1230,0.0847,"[lc=""lingua""] [lc=""biforcuta""]"
lucciole per lanterne,NMWE,1479,0.1019,"[lc=""lucciole""] [lc=""per""] [lc=""lanterne""]"
lunga mano,NMWE,1235,0.0851,"[lc=""lunga""] [lc=""mano""]"
lupus in fabula,FMWE,1026,0.0707,"[lc=""lupus""] [lc=""in""] [lc=""fabula""]"
macchina del fango,NMWE,2631,0.1813,"[lc=""macchina""] [lc=""del""] [lc=""fango""]"
maggioranza silenziosa,NMWE,2661,0.1833,"[lc=""maggioranza""] [lc=""silenziosa""]"
mal che vada,FMWE,3159,0.2176,"[lc=""mal""] [lc=""che""] [lc=""vada""]"
male che vada,FMWE,4480,0.3087,"[lc=""male""] [lc=""che""] [lc=""vada""]"
male in arnese,AMWE,942,0.0649,"[lc=""male""] [lc=""in""] [lc=""arnese""]"
man forte,NMWE,7002,0.4824,"[lc=""man""] [lc=""forte""]"
mandare a dire,VMWE,8469,0.5835,"[lemma=""mandare""] []{0,1} [lc=""a""] [lc=""dire""]"
mandare a monte,VMWE,3364,0.2318,"[lemma=""mandare""] []{0,1} [lc=""a""] [lc=""monte""]"
mandare a quel paese,VMWE,11728,0.808,"[lemma=""mandare""] []{0,1} [lc=""a""] [lc=""quel""] [lc=""paese""]"
mandare a spasso,VMWE,414,0.0285,"[lemma=""mandare""] []{0,1} [lc=""a""] [lc=""spasso""]"
mandare all'aria,VMWE,6115,0.4213,"[lemma=""mandare""] []{0,1} [lc=""all'""] [lc=""aria""]"
mandare allo sbaraglio,VMWE,1624,0.1119,"[lemma=""mandare""] []{0,1} [lc=""allo""] [lc=""sbaraglio""]"
mandare in malora,VMWE,1073,0.0739,"[lemma=""mandare""] []{0,1} [lc=""in""] [lc=""malora""]"
mandare in rotoli,VMWE,395,0.03,"[lemma=""mandare""] []{0,1} [lc=""in""] [lc=""rotoli""]"
mangiare con gli occhi,VMWE,2126,0.1465,"[lemma=""mangiare""] []{0,1} [lc=""con""] [lc=""gli""] [lc=""occhi""]"
mangiare la foglia,VMWE,1339,0.0923,"[lemma=""mangiare""] []{0,1} [lc=""la""] [lc=""foglia""]"
mangiare la polvere,VMWE,948,0.0653,"[lemma=""mangiare""] []{0,1} [lc=""la""] [lc=""polvere""]"
mangiare vivo,VMWE,1030,0.071,"[lemma=""mangiare""] []{0,1} [lc=""vivo""]"
mani pulite,NMWE,20353,1.4022,"[lc=""mani""] [lc=""pulite""]"
mantenere le distanze,VMWE,4420,0.3045,"[lemma=""mantenere""] []{0,1} [lc=""le""] [lc=""distanze""]"
marcare stretto,VMWE,978,0.0674,"[lemma=""marcare""] []{0,1} [lc=""stretto""]"
marcare visita,VMWE,631,0.0435,"[lemma=""marcare""] []{0,1} [lc=""visita""]"
marchiare a fuoco,VMWE,3052,0.2103,"[lemma=""marchiare""] []{0,1} [lc=""a""] [lc=""fuoco""]"
marinare la scuola,VMWE,1404,0.0967,"[lemma=""marinare""] []{0,1} [lc=""la""] [lc=""scuola""]"
matto o pazzo come cavallo,AMWE,236,0.016,"[lemma_lc=""matto"" | lemma_lc=""pazzo""] [lc=""come""] [lc=""un""][lc=""cavallo""]"
menare il can per l'aia,VMWE,984,0.0678,"[lemma=""menare""] []{0,1} [lc=""il""] [lc=""can""] [lc=""per""] [lc=""l'""] [lc=""aia""]"
menare le mani,VMWE,2632,0.1813,"[lemma=""menare""] []{0,1} [lc=""le""] [lc=""mani""]"
mercato delle vacche,NMWE,1171,0.0807,"[lc=""mercato""] [lc=""delle""] [lc=""vacche""]"
messo male,AMWE,3411,0.235,"[lc=""messo""] [lc=""male""]"
metterci del proprio,VMWE,10078,0.76,
metterci l'anima,VMWE,2604,0.18,"[lemma_lc=""mettere""] []{0,1} [lc=""l'""] [lc=""anima""][lc!=""in""][lc!=""pace""]  "
metterci una pietra sopra,VMWE,3044,0.21,"[lemma=""mettere""] []{0,1} [lc=""una""] [lc=""pietra""] [lc=""sopra""]"
mettere a nudo,VMWE,31413,2.1642,"[lemma=""mettere""] []{0,1} [lc=""a""] [lc=""nudo""]"
mettere a punto,VMWE,161175,11.1044,"[lemma=""mettere""] []{0,1} [lc=""a""] [lc=""punto""]"
mettere a segno,VMWE,65055,4.482,"[lemma=""mettere""] []{0,1} [lc=""a""] [lc=""segno""]"
mettere al corrente,VMWE,15392,1.0605,"[lemma=""mettere""] []{0,1} [lc=""al""] [lc=""corrente""]"
mettere al mondo,VMWE,19427,1.3384,"[lemma=""mettere""] []{0,1} [lc=""al""] [lc=""mondo""]"
mettere all'indice,VMWE,3841,0.2646,"[lemma=""mettere""] []{0,1} [lc=""all'""] [lc=""indice""]"
mettere alla sbarra,VMWE,397,0.0274,"[lemma=""mettere""] []{0,1} [lc=""alla""] [lc=""sbarra""]"
mettere alle strette,VMWE,8091,0.5574,"[lemma=""mettere""] []{0,1} [lc=""alle""] [lc=""strette""]"
mettere caso,VMWE,6262,0.4314,"[lemma=""mettere""] []{0,1} [lc=""caso""]"
mettere gli occhi addosso,VMWE,687,0.0473,"[lemma=""mettere""] []{0,1} [lc=""gli""] [lc=""occhi""] [lc=""addosso""]"
mettere i puntini sulle i,VMWE,1388,0.0956,"[lemma=""mettere""] []{0,1} [lc=""i""] [lc=""puntini""] [lc=""sulle""] [lc=""i""]"
mettere il dito nella piaga,VMWE,1909,0.1315,"[lemma=""mettere""] []{0,1} [lc=""il""] [lc=""dito""] [lc=""nella""] [lc=""piaga""]"
mettere il naso fuori,VMWE,2056,0.1417,"[lemma=""mettere""] []{0,1} [lc=""il""] [lc=""naso""] [lc=""fuori""]"
mettere in riga,VMWE,4595,0.3166,"[lemma=""mettere""] []{0,1} [lc=""in""] [lc=""riga""]"
mettere la mano sul fuoco,VMWE,3973,0.2737,"[lemma=""mettere""] []{0,1} [lc=""la""] [lc=""mano""] [lc=""sul""] [lc=""fuoco""]"
mettere la pulce nell'orecchio,VMWE,1181,0.0814,"[lemma=""mettere""] []{0,1} [lc=""la""] [lc=""pulce""] [lc=""nell'""] [lc=""orecchio""]"
mettere lo zampino,VMWE,4468,0.3078,"[lemma=""mettere""] []{0,1} [lc=""lo""] [lc=""zampino""]"
mettere nel sacco,VMWE,1683,0.116,"[lemma=""mettere""] []{0,1} [lc=""nel""] [lc=""sacco""]"
mettere radici,VMWE,11134,0.7671,"[lemma=""mettere""] []{0,1} [lc=""radici""]"
mettersi di traverso,VMWE,6509,0.45,"[lemma_lc!=""avere""] [lemma_lc=""mettere""] []{0,1} [lc=""di""] [lc=""traverso""]"
mettersi le mani nei capelli,VMWE,2809,0.19,"[lemma=""mettere""] []{0,1} [lc=""le""] [lc=""mani""] [lc=""nei""] [lc=""capelli""]"
mettersi nei panni,VMWE,13947,0.96,"[lemma=""mettere""] []{0,1} [lc=""nei""][]{0,1} [lc=""panni""]"
mina vagante,NMWE,3598,0.2479,"[lc=""mina""] [lc=""vagante""]"
minestra riscaldata,NMWE,1951,0.1344,"[lc=""minestra""] [lc=""riscaldata""]"
mio malgrado,AMWE,7707,0.531,"[lc=""mio""] [lc=""malgrado""]"
montarsi la testa,VMWE,6006,0.41,"[lemma=""montare""] []{0,1} [lc=""la""] [lc=""testa""]"
mordere il freno,VMWE,947,0.0652,"[lemma=""mordere""] []{0,1} [lc=""il""] [lc=""freno""]"
mordere la polvere,VMWE,272,0.0187,"[lemma=""mordere""] []{0,1} [lc=""la""] [lc=""polvere""]"
mordersi la lingua,VMWE,1763,0.12,"[lemma=""mordere""] []{0,1} [lc=""la""] [lc=""lingua""]"
morire dal ridere,VMWE,5703,0.3929,"[lemma=""morire""] []{0,1} [lc=""dal""] [lc=""ridere""]"
morire di sonno,VMWE,442,0.0305,"[lemma=""morire""] []{0,1} [lc=""di""] [lc=""sonno""]"
mosca bianca,NMWE,3875,0.267,"[lc=""mosca""] [lc=""bianca""]"
mosca cocchiera,NMWE,396,0.0273,"[lc=""mosca""] [lc=""cocchiera""]"
mostro sacro,NMWE,4198,0.2892,"[lc=""mostro""] [lc=""sacro""]"
nascere con la camicia,VMWE,764,0.0526,"[lemma=""nascere""] []{0,1} [lc=""con""] [lc=""la""] [lc=""camicia""]"
nascondersi dietro un dito,VMWE,2747,0.19,"[lemma=""nascondere""] []{0,1} [lc=""dietro""] [lc=""un""] [lc=""dito""]"
navigare a vista,VMWE,5605,0.3862,"[lemma=""navigare""] []{0,1} [lc=""a""] [lc=""vista""]"
navigare in cattive acque,VMWE,715,0.0493,"[lemma=""navigare""] []{0,1} [lc=""in""] [lc=""cattive""] [lc=""acque""]"
non alzare un dito,VMWE,429,0.0296,"[lc=""non""] [lemma=""alzare""] []{0,1} [lc=""un""] [lc=""dito""]"
non avere peli sulla lingua,VMWE,1618,0.1115,"[lc=""non""] [lemma=""avere""] []{0,1} [lc=""peli""] [lc=""sulla""] [lc=""lingua""]"
non ci piove,VMWE,6483,0.4467,"[lc=""non""] [lc=""ci""] [lemma=""piovere""]"
non fa una grinza,VMWE,2840,0.1957,"[lc=""non""] [lemma=""fare""] []{0,1} [lc=""una""] [lc=""grinza""]"
non mi filare,VMWE,201,0.0138,"[lc=""non""] [lc=""mi""] [lemma=""filare""]"
non passare per l'anticamera del cervello,VMWE,202,0.0139,"[lc=""non""] [lemma=""passare""] []{0,1} [lc=""per""] [lc=""l'""] [lc=""anticamera""] [lc=""del""] [lc=""cervello""]"
non sia mai,FMWE,24258,1.6713,"[lc=""non""] [lc=""sia""] [lc=""mai""]"
non vedere l'ora,VMWE,131807,9.081,"[lc=""non""] [lemma=""vedere""] []{0,1} [lc=""l'""] [lc=""ora""]"
notte bianca,NMWE,23461,1.6164,"[lc=""notte""] [lc=""bianca""]"
notte dei cristalli,NMWE,1786,0.123,"[lc=""notte""] [lc=""dei""] [lc=""cristalli""]"
notte in bianco,NMWE,1803,0.1242,"[lc=""notte""] [lc=""in""] [lc=""bianco""]"
nuovo che avanza,NMWE,4738,0.3264,"[lc=""nuovo""] [lc=""che""] [lc=""avanza""]"
nuovo di zecca,AMWE,9143,0.6299,"[lc=""nuovo""] [lc=""di""] [lc=""zecca""]"
occhi di triglia,NMWE,35,0.0024,"[lc=""occhi""] [lc=""di""] [lc=""triglia""]"
olio di gomito,NMWE,3412,0.2351,"[lc=""olio""] [lc=""di""] [lc=""gomito""]"
onore al merito,NMWE,3018,0.2079,"[lc=""onore""] [lc=""al""] [lc=""merito""]"
oppio dei popoli,NMWE,1944,0.1339,"[lc=""oppio""] [lc=""dei""] [lc=""popoli""]"
ore piccole,NMWE,4680,0.3224,"[lc=""ore""] [lc=""piccole""]"
orecchie da mercante,NMWE,3695,0.2546,"[lc=""orecchie""] [lc=""da""] [lc=""mercante""]"
oro colato,NMWE,6756,0.4655,"[lc=""oro""] [lc=""colato""]"
paga pantalone,VMWE,468,0.0322,"[lemma=""pagare""] []{0,1} [lc=""pantalone""]"
pagare il fio,VMWE,1023,0.0705,"[lemma=""pagare""] []{0,1} [lc=""il""] [lc=""fio""]"
pagare lo scotto,VMWE,3497,0.2409,"[lemma=""pagare""] []{0,1} [lc=""lo""] [lc=""scotto""]"
pagare pegno,VMWE,2325,0.1602,"[lemma=""pagare""] []{0,1} [lc=""pegno""]"
palla al centro,NMWE,2972,0.2048,"[lc=""palla""] [lc=""al""] [lc=""centro""]"
palla al piede,NMWE,8764,0.6038,"[lc=""palla""] [lc=""al""] [lc=""piede""]"
pallone gonfiato,NMWE,1287,0.0887,"[lc=""pallone""] [lc=""gonfiato""]"
pane al pane,NMWE,2085,0.1436,"[lc=""pane""] [lc=""al""] [lc=""pane""]"
pane per i denti,NMWE,543,0.0374,"[lc=""pane""] [lc=""per""] [lc=""i""] [lc=""denti""]"
pappa e ciccia,NMWE,1176,0.081,"[lc=""pappa""] [lc=""e""] [lc=""ciccia""]"
parco buoi,NMWE,1148,0.0791,"[lc=""parco""] [lc=""buoi""]"
pari e patta,NMWE,1118,0.077,"[lc=""pari""] [lc=""e""] [lc=""patta""]"
parlare a vanvera,VMWE,4341,0.2991,"[lemma=""parlare""] []{0,1} [lc=""a""] [lc=""vanvera""]"
parlare come un libro stampato,VMWE,177,0.0122,"[lemma=""parlare""] []{0,1} [lc=""come""] [lc=""un""] [lc=""libro""] [lc=""stampato""]"
parole al vento,NMWE,3102,0.2137,"[lc=""parole""] [lc=""al""] [lc=""vento""]"
parole in libertà,NMWE,2443,0.1683,"[lc=""parole""] [lc=""in""] [lc=""libertà""]"
parole sante,NMWE,4271,0.2943,"[lc=""parole""] [lc=""sante""]"
passare a miglior vita,VMWE,4151,0.286,"[lemma=""passare""] []{0,1} [lc=""a""] [lc=""miglior""] [lc=""vita""]"
passare il convento,VMWE,2869,0.1977,"[lemma=""passare""] []{0,1} [lc=""il""] [lc=""convento""]"
passare la tempesta,VMWE,900,0.062,"[lemma=""passare""] []{0,1} [lc=""la""] [lc=""tempesta""]"
passarla liscia,VMWE,3390,0.23,"[lemma=""passare""] []{0,1} [lc=""liscia""]"
patata bollente,NMWE,5972,0.4114,"[lc=""patata""] [lc=""bollente""]"
peccato di gola,NMWE,2329,0.1605,"[lc=""peccato""] [lc=""di""] [lc=""gola""]"
pecora nera,NMWE,5061,0.3487,"[lc=""pecora""] [lc=""nera""]"
pecorella smarrita,NMWE,1418,0.0977,"[lc=""pecorella""] [lc=""smarrita""]"
pelle d'oca,NMWE,11104,0.765,"[lc=""pelle""] [lc=""d'""] [lc=""oca""]"
pelo e contropelo,NMWE,443,0.0305,"[lc=""pelo""] [lc=""e""] [lc=""contropelo""]"
pelo nell'uovo,NMWE,4214,0.2903,"[lc=""pelo""] [lc=""nell'""] [lc=""uovo""]"
per il rotto della cuffia,AMWE,2234,0.1539,"[lc=""per""] [lc=""il""] [lc=""rotto""] [lc=""della""] [lc=""cuffia""]"
per partito preso,AMWE,5719,0.394,"[lc=""per""] [lc=""partito""] [lc=""preso""]"
per sommi capi,AMWE,6462,0.4452,"[lc=""per""] [lc=""sommi""] [lc=""capi""]"
per un pelo,AMWE,5381,0.3707,"[lc=""per""] [lc=""un""] [lc=""pelo""]"
per un pezzo di pane,AMWE,695,0.0479,"[lc=""per""] [lc=""un""] [lc=""pezzo""] [lc=""di""] [lc=""pane""]"
per un piatto di lenticchie,AMWE,998,0.0688,"[lc=""per""] [lc=""un""] [lc=""piatto""] [lc=""di""] [lc=""lenticchie""]"
perdere la bussola,VMWE,4007,0.2761,"[lemma=""perdere""] []{0,1} [lc=""la""] [lc=""bussola""]"
perdere la trebisonda,VMWE,319,0.022,"[lemma=""perdere""] []{0,1} [lc=""la""] [lc=""trebisonda""]"
perdere le staffe,VMWE,3809,0.2624,"[lemma=""perdere""] []{0,1} [lc=""le""] [lc=""staffe""]"
perdere lo stampo,VMWE,134,0.0092,"[lemma=""perdere""] []{0,1} [lc=""lo""] [lc=""stampo""]"
perdere il filo,VMWE,6144,0.42,"[lemma=""perdere""] []{0,1} [lc=""il""] [lc=""filo""]"
perle ai porci,NMWE,1004,0.0692,"[lc=""perle""] [lc=""ai""] [lc=""porci""]"
pescare nel torbido,VMWE,582,0.0401,"[lemma=""pescare""] []{0,1} [lc=""nel""] [lc=""torbido""]"
pesce fuor d'acqua,NMWE,2877,0.1982,"[lc=""pesce""] [lc=""fuor""] [lc=""d'""] [lc=""acqua""]"
pesce in barile,NMWE,388,0.0267,"[lc=""pesce""] [lc=""in""] [lc=""barile""]"
pesce piccolo,NMWE,1135,0.0782,"[lc=""pesce""] [lc=""piccolo""]"
pestare l'acqua nel mortaio,VMWE,160,0.011,"[lemma=""pestare""] []{0,1} [lc=""l'""] [lc=""acqua""] [lc=""nel""] [lc=""mortaio""]"
pezzo da novanta,NMWE,2088,0.1439,"[lc=""pezzo""] [lc=""da""] [lc=""novanta""]"
pezzo forte,NMWE,10119,0.6972,"[lc=""pezzo""] [lc=""forte""]"
piangere come un vitello,VMWE,152,0.0105,"[lemma=""piangere""] []{0,1} [lc=""come""] [lc=""un""] [lc=""vitello""]"
piangere come una fontana,VMWE,587,0.0404,"[lemma=""piangere""] []{0,1} [lc=""come""] [lc=""una""] [lc=""fontana""]"
piangere sul latte versato,VMWE,1287,0.0887,"[lemma=""piangere""] []{0,1} [lc=""sul""] [lc=""latte""] [lc=""versato""]"
piangersi addosso,VMWE,8169,0.56,"[lemma=""piangere""] []{0,1} [lc=""addosso""]"
piantare in asso,VMWE,2006,0.1382,"[lemma=""piantare""] []{0,1} [lc=""in""] [lc=""asso""]"
piazza pulita,NMWE,11072,0.7628,"[lc=""piazza""] [lc=""pulita""]"
piccolo grande,AMWE,12009,0.8274,"[lc=""piccolo""] [lc=""grande""]"
piede due staffe o scarpe,NMWE,2214,0.15,"[lemma_lc=""piede""][lc=""in""][lc=""due""][lc=""staffe"" | lc=""scarpe""]"
piede nella fossa,NMWE,682,0.047,"[lc=""piede""] [lc=""nella""] [lc=""fossa""]"
pietra dello scandalo,NMWE,1422,0.098,"[lc=""pietra""] [lc=""dello""] [lc=""scandalo""]"
piovere sul bagnato,VMWE,2133,0.147,"[lemma=""piovere""] []{0,1} [lc=""sul""] [lc=""bagnato""]"
pollice verde,NMWE,5297,0.3649,"[lc=""pollice""] [lc=""verde""]"
pomo della discordia,NMWE,1678,0.1156,"[lc=""pomo""] [lc=""della""] [lc=""discordia""]"
popolo bue,NMWE,3010,0.2074,"[lc=""popolo""] [lc=""bue""]"
por mente,VMWE,469,0.0323,"[lc=""por""] [lc=""mente""]"
porgere l'altra guancia,VMWE,3180,0.2191,"[lemma=""porgere""] []{0,1} [lc=""l'""] [lc=""altra""] [lc=""guancia""]"
portare acqua al proprio mulino,VMWE,511,0.0352,"[lemma=""portare""] []{0,1} [lc=""acqua""] [lc=""al""] [lc=""proprio""] [lc=""mulino""]"
portare la croce,VMWE,4720,0.3252,"[lemma=""portare""] []{0,1} [lc=""la""] [lc=""croce""]"
porto delle nebbie,NMWE,968,0.0667,"[lc=""porto""] [lc=""delle""] [lc=""nebbie""]"
poveri in spirito,NMWE,1111,0.0765,"[lc=""poveri""] [lc=""in""] [lc=""spirito""]"
povero diavolo,NMWE,2261,0.1558,"[lc=""povero""] [lc=""diavolo""]"
povero in canna,AMWE,601,0.0414,"[lc=""povero""] [lc=""in""] [lc=""canna""]"
pozzo senza fondo,NMWE,2343,0.1614,"[lc=""pozzo""] [lc=""senza""] [lc=""fondo""]"
prendere con filosofia,VMWE,1649,0.1136,"[lemma=""prendere""] []{0,1} [lc=""con""] [lc=""filosofia""]"
prendere in giro,VMWE,111060,7.6516,"[lemma=""prendere""] []{0,1} [lc=""in""] [lc=""giro""]"
prendere la palla al balzo,VMWE,2445,0.1685,"[lemma=""prendere""] []{0,1} [lc=""la""] [lc=""palla""] [lc=""al""] [lc=""balzo""]"
prendere male,VMWE,8234,0.5673,"[lemma=""prendere""] []{0,1} [lc=""male""]"
prendere per i fondelli,VMWE,11063,0.7622,"[lemma=""prendere""] []{0,1} [lc=""per""] [lc=""i""] [lc=""fondelli""]"
prendere per il naso,VMWE,1343,0.0925,"[lemma=""prendere""] []{0,1} [lc=""per""] [lc=""il""] [lc=""naso""]"
prendere per la gola,VMWE,2649,0.1825,"[lemma=""prendere""] []{0,1} [lc=""per""] [lc=""la""] [lc=""gola""]"
prendere una cantonata,VMWE,1493,0.1029,"[lemma=""prendere""] []{0,1} [lc=""una""] [lc=""cantonata""]"
primo acchito,NMWE,9657,0.6653,"[lc=""primo""] [lc=""acchito""]"
primula rossa,NMWE,1402,0.0966,"[lc=""primula""] [lc=""rossa""]"
promesse da marinaio,NMWE,777,0.0535,"[lc=""promesse""] [lc=""da""] [lc=""marinaio""]"
promettere mari e monti,VMWE,1185,0.0816,"[lemma=""promettere""] []{0,1} [lc=""mari""] [lc=""e""] [lc=""monti""]"
punto sul vivo,NMWE,507,0.0349,"[lc=""punto""] [lc=""sul""] [lc=""vivo""]"
puzza sotto il naso,NMWE,2631,0.1813,"[lc=""puzza""] [lc=""sotto""] [lc=""il""] [lc=""naso""]"
quadratura del cerchio,NMWE,5503,0.3791,"[lc=""quadratura""] [lc=""del""] [lc=""cerchio""]"
qual buon vento,FMWE,363,0.025,"[lc=""qual""] [lc=""buon""] [lc=""vento""]"
quantità industriale,NMWE,3381,0.2329,"[lc=""quantità""] [lc=""industriale""]"
quattro gatti,NMWE,5597,0.3856,"[lc=""quattro""] [lc=""gatti""]"
qui casca l'asino,VMWE,1371,0.0945,"[lc=""qui""] [lemma=""cascare""] []{0,1} [lc=""l'""] [lc=""asino""]"
quieto vivere,NMWE,6848,0.4718,"[lc=""quieto""] [lc=""vivere""]"
quote rosa,NMWE,8682,0.5982,"[lc=""quote""] [lc=""rosa""]"
raccogliere il guanto,VMWE,412,0.0284,"[lemma=""raccogliere""] []{0,1} [lc=""il""] [lc=""guanto""]"
raccogliere le idee,VMWE,2560,0.1764,"[lemma=""raccogliere""] []{0,1} [lc=""le""] [lc=""idee""]"
radere al suolo,VMWE,6729,0.4636,"[lemma=""radere""] []{0,1} [lc=""al""] [lc=""suolo""]"
ragazzi di vita,NMWE,1898,0.1308,"[lc=""ragazzi""] [lc=""di""] [lc=""vita""]"
reggere il moccolo,VMWE,293,0.0202,"[lemma=""reggere""] []{0,1} [lc=""il""] [lc=""moccolo""]"
rendere la pariglia,VMWE,430,0.0296,"[lemma=""rendere""] []{0,1} [lc=""la""] [lc=""pariglia""]"
rendere pan per focaccia,VMWE,931,0.0641,"[lemma=""rendere""] []{0,1} [lc=""pan""] [lc=""per""] [lc=""focaccia""]"
repubblica delle banane,NMWE,3143,0.2165,"[lc=""repubblica""] [lc=""delle""] [lc=""banane""]"
retta via,NMWE,9814,0.6761,"[lc=""retta""] [lc=""via""]"
ricambiare il favore,VMWE,2060,0.1419,"[lemma=""ricambiare""] []{0,1} [lc=""il""] [lc=""favore""]"
ridere sotto i baffi,VMWE,1157,0.0797,"[lemma=""ridere""] []{0,1} [lc=""sotto""] [lc=""i""] [lc=""baffi""]"
rimanere scottato,VMWE,660,0.0455,"[lemma=""rimanere""] []{0,1} [lc=""scottato""]"
riposare sugli allori,VMWE,632,0.0435,"[lemma=""riposare""] []{0,1} [lc=""sugli""] [lc=""allori""]"
rispondere a tono,VMWE,3995,0.2752,"[lemma=""rispondere""] []{0,1} [lc=""a""] [lc=""tono""]"
rispondere per le rime,VMWE,3465,0.2387,"[lemma=""rispondere""] []{0,1} [lc=""per""] [lc=""le""] [lc=""rime""]"
rispondere picche,VMWE,2554,0.176,"[lemma=""rispondere""] []{0,1} [lc=""picche""]"
rivoltarsi nella tomba,VMWE,2706,0.19,"[lemma=""rivoltare""] []{0,1} [lc=""nella""] [lc=""tomba""]"
rodersi il fegato,VMWE,997,0.07,"[lemma=""rodere""] []{0,1} [lc=""il""] [lc=""fegato""]"
roma ladrona,NMWE,3317,0.2285,"[lc=""roma""] [lc=""ladrona""]"
rompere il ghiaccio,VMWE,9409,0.6482,"[lemma=""rompere""] []{0,1} [lc=""il""] [lc=""ghiaccio""]"
rompere le scatole,VMWE,14519,1.0003,"[lemma=""rompere""] []{0,1} [lc=""le""] [lc=""scatole""]"
rompere le uova nel paniere,VMWE,1572,0.1083,"[lemma=""rompere""] []{0,1} [lc=""le""] [lc=""uova""] [lc=""nel""] [lc=""paniere""]"
rotella fuori posto,NMWE,311,0.0214,"[lc=""rotella""] [lc=""fuori""] [lc=""posto""]"
rotto della cuffia,NMWE,2345,0.1616,"[lc=""rotto""] [lc=""della""] [lc=""cuffia""]"
rovescio della medaglia,NMWE,9321,0.6422,"[lc=""rovescio""] [lc=""della""] [lc=""medaglia""]"
rumore per nulla,NMWE,3773,0.2599,"[lc=""rumore""] [lc=""per""] [lc=""nulla""]"
sabbia negli ingranaggi,NMWE,267,0.0184,"[lc=""sabbia""] [lc=""negli""] [lc=""ingranaggi""]"
sacco di patate,NMWE,1138,0.0784,"[lc=""sacco""] [lc=""di""] [lc=""patate""]"
sale sulla coda,NMWE,420,0.0289,"[lc=""sale""] [lc=""sulla""] [lc=""coda""]"
salire al colle,VMWE,1818,0.1253,"[lemma=""salire""] []{0,1} [lc=""al""] [lc=""colle""]"
salotto buono,NMWE,4740,0.3266,"[lc=""salotto""] [lc=""buono""]"
saltar fuori,VMWE,50242,3.4615,"[lemma=""saltare""] []{0,1} [lc=""fuori""]"
saltare la mosca al naso,VMWE,425,0.0293,"[lemma=""saltare""] []{0,1} [lc=""la""] [lc=""mosca""] [lc=""al""] [lc=""naso""]"
salto della quaglia,NMWE,1180,0.0813,"[lc=""salto""] [lc=""della""] [lc=""quaglia""]"
salto nel buio,NMWE,4220,0.2907,"[lc=""salto""] [lc=""nel""] [lc=""buio""]"
salvare capra e cavoli,VMWE,1599,0.1102,"[lemma=""salvare""] []{0,1} [lc=""capra""] [lc=""e""] [lc=""cavoli""]"
salvare la faccia,VMWE,4593,0.3164,"[lemma=""salvare""] []{0,1} [lc=""la""] [lc=""faccia""]"
salvare per un pelo,VMWE,381,0.0262,"[lemma=""salvare""] []{0,1} [lc=""per""] [lc=""un""] [lc=""pelo""]"
sangue blu,NMWE,2694,0.1856,"[lc=""sangue""] [lc=""blu""]"
sangue del sangue,NMWE,78,0.0054,"[lc=""sangue""] [lc=""del""] [lc=""sangue""]"
sapere l'ultima,VMWE,1206,0.0831,"[lemma=""sapere""] []{0,1} [lc=""l'""] [lc=""ultima""]"
saperla lunga,VMWE,4180,0.29,"[lemma=""sapere""] [lc=""lunga""]"
sassolino dalla scarpa,NMWE,2032,0.14,"[lc=""sassolino""] [lc=""dalla""] [lc=""scarpa""]"
sbarcare il lunario,VMWE,7933,0.5466,"[lemma=""sbarcare""] []{0,1} [lc=""il""] [lc=""lunario""]"
scagliare la  prima pietra,VMWE,3328,0.2293,"[lemma=""scagliare""] []{0,1} [lc=""la""] [lc=""prima""] [lc=""pietra""]"
scavarsi la fossa,VMWE,2206,0.15,"[lemma=""scavare""] []{0,1} [lc=""la""] [lc=""fossa""]"
scena muta,NMWE,1902,0.131,"[lc=""scena""] [lc=""muta""]"
scendere in campo,VMWE,107825,7.4287,"[lemma=""scendere""] []{0,1} [lc=""in""] [lc=""campo""]"
schegge impazzite,NMWE,1358,0.0936,"[lc=""schegge""] [lc=""impazzite""]"
scheletro nell'armadio,NMWE,1022,0.0704,"[lc=""scheletro""] [lc=""nell'""] [lc=""armadio""]"
scherzo da prete,NMWE,174,0.012,"[lc=""scherzo""] [lc=""da""] [lc=""prete""]"
scoprire gli altarini,VMWE,533,0.0367,"[lemma=""scoprire""] []{0,1} [lc=""gli""] [lc=""altarini""]"
scoprire l'acqua calda,VMWE,3734,0.2573,"[lemma=""scoprire""] []{0,1} [lc=""l'""] [lc=""acqua""] [lc=""calda""]"
segreto di pulcinella,NMWE,2297,0.1583,"[lc=""segreto""] [lc=""di""] [lc=""pulcinella""]"
seminare zizzania,VMWE,1540,0.1061,"[lemma=""seminare""] []{0,1} [lc=""zizzania""]"
sentire puzza di bruciato,VMWE,1219,0.084,"[lemma=""sentire""] []{0,1} [lc=""puzza""] [lc=""di""] [lc=""bruciato""]"
sentirsi uno straccio,VMWE,565,0.039,"[lemma=""sentire""] []{0,1} [lc=""uno""] [lc=""straccio""]"
senza arte né parte,AMWE,1520,0.1047,"[lc=""senza""] [lc=""arte""] [lc=""né""] [lc=""parte""]"
senza colpo ferire,AMWE,4437,0.3057,"[lc=""senza""] [lc=""colpo""] [lc=""ferire""]"
senza esclusione di colpi,AMWE,7378,0.5083,"[lc=""senza""] [lc=""esclusione""] [lc=""di""] [lc=""colpi""]"
senza vincitori né vinti,AMWE,413,0.0285,"[lc=""senza""] [lc=""vincitori""] [lc=""né""] [lc=""vinti""]"
sepolcri imbiancati,NMWE,1999,0.1377,"[lc=""sepolcri""] [lc=""imbiancati""]"
sesso degli angeli,NMWE,1883,0.1297,"[lc=""sesso""] [lc=""degli""] [lc=""angeli""]"
sette vite,NMWE,1384,0.0954,"[lc=""sette""] [lc=""vite""]"
settimo cielo,NMWE,8941,0.616,"[lc=""settimo""] [lc=""cielo""]"
silenzio assordante,NMWE,6248,0.4305,"[lc=""silenzio""] [lc=""assordante""]"
smuovere le acque,VMWE,2671,0.184,"[lemma=""smuovere""] []{0,1} [lc=""le""] [lc=""acque""]"
smussare gli angoli,VMWE,1606,0.11,"[lemma=""smussare""] []{0,1} [lc=""gli""] [lc=""angoli""]"
sogni d'oro,NMWE,2826,0.1947,"[lc=""sogni""] [lc=""d'""] [lc=""oro""]"
soldo bucato,NMWE,441,0.0304,"[lc=""soldo""] [lc=""bucato""]"
sorci verdi,NMWE,1797,0.1238,"[lc=""sorci""] [lc=""verdi""]"
sordo come una campana,AMWE,92,0.0063,"[lc=""sordo""] [lc=""come""] [lc=""una""] [lc=""campana""]"
sotterrare l'ascia di guerra,VMWE,496,0.0342,"[lemma=""sotterrare""] []{0,1} [lc=""l'""] [lc=""ascia""] [lc=""di""] [lc=""guerra""]"
sotto l’egida,FMWE,27314,1.88,"[lc=""sotto""] [lc=""l’""] [lc=""egida""]"
sotto schiaffo,AMWE,755,0.052,"[lc=""sotto""] [lc=""schiaffo""]"
spalle al muro,AMWE,8814,0.6073,"[lc=""spalle""] [lc=""al""] [lc=""muro""]"
sparare nel mucchio,VMWE,1935,0.1333,"[lemma=""sparare""] []{0,1} [lc=""nel""] [lc=""mucchio""]"
specchietto per le allodole,NMWE,4474,0.3082,"[lc=""specchietto""] [lc=""per""] [lc=""le""] [lc=""allodole""]"
spettro che si aggira,NMWE,293,0.0202,"[lc=""spettro""] [lc=""che""] [lc=""si""] [lc=""aggira""]"
spezzare il cuore,VMWE,7249,0.4994,"[lemma=""spezzare""] []{0,1} [lc=""il""] [lc=""cuore""]"
spezzare una lancia,VMWE,5338,0.3678,"[lemma=""spezzare""] []{0,1} [lc=""una""] [lc=""lancia""]"
spina nel fianco,NMWE,7145,0.4923,"[lc=""spina""] [lc=""nel""] [lc=""fianco""]"
sputare il rospo,VMWE,565,0.0389,"[lemma=""sputare""] []{0,1} [lc=""il""] [lc=""rospo""]"
stare al gioco,VMWE,5809,0.4002,"[lemma=""stare""] []{0,1} [lc=""al""] [lc=""gioco""]"
stare fresco,VMWE,1532,0.1055,"[lemma=""stare""] []{0,1} [lc=""fresco""]"
stare in campana,VMWE,787,0.0542,"[lemma=""stare""] []{0,1} [lc=""in""] [lc=""campana""]"
stare sulle palle,VMWE,2937,0.2023,"[lemma=""stare""] []{0,1} [lc=""sulle""] [lc=""palle""]"
stare sulle proprie,VMWE,189,0.013,"[lemma=""stare""] []{0,1} [lc=""sulle""] [lc=""proprie""]"
stare sulle scatole,VMWE,1266,0.0872,"[lemma=""stare""] []{0,1} [lc=""sulle""] [lc=""scatole""]"
stendere un velo pietoso,VMWE,5170,0.3562,"[lemma=""stendere""] []{0,1} [lc=""un""] [lc=""velo""] [lc=""pietoso""]"
stracciare le vesti,VMWE,4913,0.3385,"[lemma=""stracciare""] []{0,1} [lc=""le""] [lc=""vesti""]"
strappo alla regola,NMWE,2782,0.1917,"[lc=""strappo""] [lc=""alla""] [lc=""regola""]"
stringere i denti,VMWE,12488,0.8604,"[lemma=""stringere""] []{0,1} [lc=""i""] [lc=""denti""]"
stringere la cinghia,VMWE,2141,0.1475,"[lemma=""stringere""] []{0,1} [lc=""la""] [lc=""cinghia""]"
strizzare l'occhio,VMWE,25217,1.7374,"[lemma=""strizzare""] []{0,1} [lc=""l'""] [lc=""occhio""]"
su un piatto d'argento,AMWE,4017,0.2768,"[lc=""su""] [lc=""un""] [lc=""piatto""] [lc=""d'""] [lc=""argento""]"
sul filo di lana,AMWE,4899,0.3375,"[lc=""sul""] [lc=""filo""] [lc=""di""] [lc=""lana""]"
sull'unghia,AMWE,3309,0.228,"[lc=""sull'""] [lc=""unghia""]"
sulla faccia della terra,AMWE,5644,0.3889,"[lc=""sulla""] [lc=""faccia""] [lc=""della""] [lc=""terra""]"
sulla punta della lingua,AMWE,1359,0.0936,"[lc=""sulla""] [lc=""punta""] [lc=""della""] [lc=""lingua""]"
sulle prime,AMWE,25765,1.7751,"[lc=""sulle""] [lc=""prime""]"
supplemento di indagine,NMWE,729,0.048,"[lc=""supplemento""] [lc=""di""] [lc=""indagine""]"
supplizio di tantalo,NMWE,225,0.0155,"[lc=""supplizio""] [lc=""di""] [lc=""tantalo""]"
tagliare fuori,VMWE,30421,2.0959,"[lemma=""tagliare""] []{0,1} [lc=""fuori""]"
tagliare la corda,VMWE,1643,0.1132,"[lemma=""tagliare""] []{0,1} [lc=""la""] [lc=""corda""]"
tagliare la testa al toro,VMWE,3115,0.2146,"[lemma=""tagliare""] []{0,1} [lc=""la""] [lc=""testa""] [lc=""al""] [lc=""toro""]"
tarpare le ali,VMWE,3839,0.2645,"[lemma=""tarpare""] []{0,1} [lc=""le""] [lc=""ali""]"
tavola rotonda,NMWE,90227,6.2163,"[lc=""tavola""] [lc=""rotonda""]"
tenere bordone,VMWE,675,0.0465,"[lemma=""tenere""] []{0,1} [lc=""bordone""]"
tenere sulla corda,VMWE,1013,0.0698,"[lemma=""tenere""] []{0,1} [lc=""sulla""] [lc=""corda""]"
tenere sulle spine,VMWE,1914,0.1319,"[lemma=""tenere""] []{0,1} [lc=""sulle""] [lc=""spine""]"
tentar non nuoce,VMWE,3423,0.2358,"[lemma=""tentare""] []{0,1} [lc=""non""] [lc=""nuoce""]"
teorema accusatorio,NMWE,372,0.0256,"[lc=""teorema""] [lc=""accusatorio""]"
terno al lotto,NMWE,2987,0.2058,"[lc=""terno""] [lc=""al""] [lc=""lotto""]"
terzo incomodo,NMWE,4358,0.3003,"[lc=""terzo""] [lc=""incomodo""]"
testa di legno,NMWE,1079,0.0743,"[lc=""testa""] [lc=""di""] [lc=""legno""]"
testa di ponte,NMWE,6827,0.4704,"[lc=""testa""] [lc=""di""] [lc=""ponte""]"
tigre di carta,NMWE,550,0.0379,"[lc=""tigre""] [lc=""di""] [lc=""carta""]"
tira e molla,NMWE,9763,0.6726,"[lc=""tira""] [lc=""e""] [lc=""molla""]"
tirare a campare,VMWE,5662,0.3901,"[lemma=""tirare""] []{0,1} [lc=""a""] [lc=""campare""]"
tirare i remi in barca,VMWE,2703,0.1862,"[lemma=""tirare""] []{0,1} [lc=""i""] [lc=""remi""] [lc=""in""] [lc=""barca""]"
tirare le cuoia,VMWE,1882,0.1297,"[lemma=""tirare""] []{0,1} [lc=""le""] [lc=""cuoia""]"
tirare le orecchie,VMWE,2758,0.19,"[lemma=""tirare""] []{0,1} [lc=""le""] [lc=""orecchie""]"
tirare per i capelli,VMWE,2592,0.1786,"[lemma=""tirare""] []{0,1} [lc=""per""] [lc=""i""] [lc=""capelli""]"
tirare per la giacchetta,VMWE,1286,0.0886,"[lemma=""tirare""] []{0,1} [lc=""per""] [lc=""la""] [lc=""giacchetta""]"
tirare tardi,VMWE,1531,0.1055,"[lemma=""tirare""] []{0,1} [lc=""tardi""]"
tirata di orecchie,NMWE,458,0.0316,"[lc=""tirata""] [lc=""di""] [lc=""orecchie""]"
toccare ferro,VMWE,1625,0.112,"[lemma=""toccare""] []{0,1} [lc=""ferro""]"
togliere il disturbo,VMWE,3007,0.2072,"[lemma=""togliere""] []{0,1} [lc=""il""] [lc=""disturbo""]"
togliere le castagne dal fuoco,VMWE,1969,0.1357,"[lemma=""togliere""] []{0,1} [lc=""le""] [lc=""castagne""] [lc=""dal""] [lc=""fuoco""]"
togliersi il dente,VMWE,925,0.064,"[lemma=""togliere""] []{0,1} [lc=""il""] [lc=""dente""]"
tornare a bomba,VMWE,1604,0.1105,"[lemma=""tornare""] []{0,1} [lc=""a""] [lc=""bomba""]"
trattare a pesci in faccia,VMWE,638,0.044,"[lemma=""trattare""] []{0,1} [lc=""a""] [lc=""pesci""] [lc=""in""] [lc=""faccia""]"
trattare con i guanti,VMWE,1163,0.0801,"[lemma=""trattare""] []{0,1} [lc=""con""] [lc=""i""] [lc=""guanti""]"
traversata del deserto,NMWE,919,0.0633,"[lc=""traversata""] [lc=""del""] [lc=""deserto""]"
tutto dire,AMWE,4966,0.3421,"[lc=""tutto""] [lc=""dire""]"
tutto sommato,AMWE,137162,9.45,"[lc=""tutto""] [lc=""sommato""]"
uccello del malaugurio,NMWE,483,0.0333,"[lc=""uccello""] [lc=""del""] [lc=""malaugurio""]"
uccello di bosco,NMWE,31,0.0021,"[lc=""uccello""] [lc=""di""] [lc=""bosco""]"
ultima ruota del carro,NMWE,2057,0.1417,"[lc=""ultima""] [lc=""ruota""] [lc=""del""] [lc=""carro""]"
ultimo grado,NMWE,2387,0.1645,"[lc=""ultimo""] [lc=""grado""]"
un cavolo,NMWE,5334,0.3675,"[lc=""un""] [lc=""cavolo""]"
un non so che,NMWE,3139,0.2163,"[lc=""un""] [lc=""non""] [lc=""so""] [lc=""che""]"
un'acca,NMWE,1383,0.0953,"[lc=""un'""] [lc=""acca""]"
unire l'utile al dilettevole,VMWE,2775,0.1912,"[lemma=""unire""] []{0,1} [lc=""l'""] [lc=""utile""] [lc=""al""] [lc=""dilettevole""]"
uomo d'onore,NMWE,4819,0.332,"[lc=""uomo""] [lc=""d'""] [lc=""onore""]"
uomo di paglia,NMWE,807,0.0556,"[lc=""uomo""] [lc=""di""] [lc=""paglia""]"
uovo di colombo,NMWE,3416,0.2353,"[lc=""uovo""] [lc=""di""] [lc=""colombo""]"
uscire allo scoperto,VMWE,19424,1.3382,"[lemma=""uscire""] []{0,1} [lc=""allo""] [lc=""scoperto""]"
uscire dai gangheri,VMWE,529,0.0364,"[lemma=""uscire""] []{0,1} [lc=""dai""] [lc=""gangheri""]"
varie ed eventruali,NMWE,10660,0.73,"[lc=""varie""] [lc=""ed""] [lc=""eventuali""]"
vecchia guardia,NMWE,8322,0.5734,"[lc=""vecchia""] [lc=""guardia""]"
vecchie ruggini,NMWE,599,0.0413,"[lc=""vecchie""] [lc=""ruggini""]"
vecchio bacucco,NMWE,446,0.0307,"[lc=""vecchio""] [lc=""bacucco""]"
vedere la luce,VMWE,50214,3.4596,"[lemma=""vedere""] []{0,1} [lc=""la""] [lc=""luce""]"
venire un colpo,VMWE,2890,0.1991,"[lemma=""venire""] []{0,1} [lc=""un""] [lc=""colpo""]"
ventilare ipotesi,VMWE,1726,0.1189,"[lemma=""ventilare""] []{0,1} [lc=""ipotesi""]"
vento in poppa,AMWE,3848,0.2651,"[lc=""vento""] [lc=""in""] [lc=""poppa""]"
vitello grasso,NMWE,636,0.0438,"[lc=""vitello""] [lc=""grasso""]"
vivere alla giornata,VMWE,5220,0.3596,"[lemma=""vivere""] []{0,1} [lc=""alla""] [lc=""giornata""]"
voce fuori campo,NMWE,9135,0.6294,"[lc=""voce""] [lc=""fuori""] [lc=""campo""]"
volare basso,VMWE,2853,0.1966,"[lemma=""volare""] []{0,1} [lc=""basso""]"
volare una mosca,VMWE,905,0.0624,"[lemma=""volare""] []{0,1} [lc=""una""] [lc=""mosca""]"
volente o nolente,AMWE,6068,0.4181,"[lc=""volente""] [lc=""o""] [lc=""nolente""]"
volo pindarico,NMWE,1176,0.081,"[lc=""volo""] [lc=""pindarico""]"
vuotare il sacco,VMWE,2160,0.1488,"[lemma=""vuotare""] []{0,1} [lc=""il""] [lc=""sacco""]"
zappa sui piedi,NMWE,3467,0.2389,"[lc=""zappa""] [lc=""sui""] [lc=""piedi""]"
zitto e mosca,FMWE,130,0.009,"[lc=""zitto""] [lc=""e""] [lc=""mosca""]"
zoccolo duro,NMWE,9578,0.6599,"[lc=""zoccolo""] [lc=""duro""]"
è tutto dire,VMWE,4069,0.2803,"[lemma=""essere""] []{0,1} [lc=""tutto""] [lc=""dire""]"